Label,Type,Tags,Description,Campo de Acción,Image,URL,Twitter ,Idioma,Email,País,Ciudad ,Barrio,Financiación ,Alcance 
Estefania Villalobos,Especialista,Persona,,,http://100resilientcities.org/wp-content/uploads/2018/02/Villalobos-Estefania-e1520273306248-242x300.jpg,,,,,,,,,
Manuel Redondo,Director Regional,Persona,,,https://wuf.unhabitat.org/sites/default/files/styles/medium/public/2020-01/Manuel%20Redondo_Headshot_0.jpg?itok=UTNBYlKS,,,,,,,,,
Catalina Ortiz,Investigador/a,Persona,,,"https://static.wixstatic.com/media/623440_dcb4851be2c64695a607ebb01c9fee33~mv2.png/v1/fill/w_520,h_520,al_c,q_85,usm_0.66_1.00_0.01/623440_dcb4851be2c64695a607ebb01c9fee33~mv2.webp",,,,,,,,,
UHPH,Alianza Intersectorial,Organización Regional,"En colaboración con Onu Hábitat y Minurvi, UHPH convoca a compartir acciones y orientaciones concretas en materia de Vivienda y Asentamientos Humanos (con énfasis en hogares de bajos ingresos, asentamientos informales, sin techo y refugiados) que ayuden a las autoridades a hacer más efectiva su acción durante la crisis y prepararse mejor para el proceso de recuperación post-pandemia.",,https://pbs.twimg.com/profile_images/932935457184284673/oNzdU3RA_400x400.jpg,,,,,,,,,
Roi Chiti,Especialista,Persona,Chief Technical Advisor. UN Habitat ,,https://live.staticflickr.com/2847/34223129966_ce05566e4e_b.jpg,,,,,,,,,
TECHO,Organización ,Organización Regional,"TECHO es una organización presente en 19 países de América Latina, que busca superar la situación de pobreza que viven millones de personas en asentamientos populares, a través de la acción conjunta de sus habitantes y jóvenes voluntarios y voluntarias.",,https://chile.techo.org/cis/monitor/images/ISOTIPO_RGB.svg,https://www.techo.org/techo/,,,,Chile,Santiago,,,
"Campaña ""Cada dia cuenta""",Iniciativa,Plataforma ,Retos y soluciones para enfrentar el Covid-19 desde la innovación social y la responsabilidad ciudadana.,,https://isteam.wsimg.com/ip/83a9ad6d-3092-4f96-8ab2-b94552050502/LA_hackathon_imagen-01landing%20copia.png/:/rs=h:212/qt=q:95,https://socialabglobal.socialab.com/challenges/cadadiacuenta/ideas,,,,,,,,
ONU Habitat,Agencia Multilateral,Organización Regional,,,https://d1yjjnpx0p53s8.cloudfront.net/styles/logo-thumbnail/s3/092014/captura_de_pantalla_2014-09-19_a_las_20.35.48.png?itok=Ebc_nVgE,,,,,Brasil,Rio de Janeiro,,,
Elkin Velásquez,Director Regional,Persona,Elkin es el director regional de ONU Habitat para Latinoamérica y el Caribe (LAC). Es co-líder del Plan de Acción Regional para la implementación de la Nueva Agenda Urbana en LAC. ,,https://estaticos.efe.com/efecom/recursos2/imagen.aspx?lVW2oAh2vjOjDImRMpyxMkDf0c0voGeJQ4TncnkXVSTX-P-2bAoG0sxzXPZPAk5l-P-2fU5UB9FyZoYGIBLFWA41EKTWDw-P-3d-P-3d,,,,,,,,,
DPU-UCL,Universidad,Academia ,"The Development Planning Unit conducts world-leading research and postgraduate teaching that helps to build the capacity of national governments, local authorities, NGOs, aid agencies and businesses working towards socially just and sustainable development in the global south.",,https://pbs.twimg.com/profile_images/2826593239/81bdb865b5547f3b4bde9f0e7d1fd0ea_400x400.png,https://www.ucl.ac.uk/bartlett/development/,,,,Reino Unido,Londres,,,
Alianza Smart Latam,Alianza Público-Privada,Organización Regional,Alianza Smart Latam es la red y plataforma permanente de colaboración latinoamericana de los diferentes agentes de transformación que vincula y articula los esfuerzos orientados a potenciar el avance de las ciudades y territorios hacia el modelo Smart City que permita mejorar la calidad de vida de los habitantes de la región.,,https://alianzasmartlatam.org/imagenes/logo_alianza_smart_latam_home.png,,,,,,,,,
COiNVITE,Iniciativa ,Plataforma ,COiNVITE explora el poder de las narrativas transmedia para el aprendizaje urbano local que se basa en las experiencias de mejoramiento Integral de,,https://miro.medium.com/max/3150/2*YpTG3gTVYUYe9K-Dt4Ihqg.png,http://www.COiNVITE.org/#/es,,,,,,,,
MINURVI,Alianza Gobiernos Nacionales,Organización Regional,"MINURVI es la entidad de coordinación y de cooperación intergubernamental de los países de América Latina y del Caribe, en el área de desarrollo sustentable de los asentamientos humanos.",,"data:image/png;base64,iVBORw0KGgoAAAANSUhEUgAAATIAAABbCAMAAADHlPnRAAABa1BMVEX///8yTVzwyk3eW0nM0tZleYRGsp2Ypq3y9PU+V2ayvMLl6evY3eB+j5lYbnrxzVdyhI6LmqPfYklLY3DuvEzvw03idkq/x8z567z89d2lsbfR7Ob78tL35Kb67sfrrkzlhErqmI354N39+On013ngZVT23o/+/PTz1G7poEvnkkvxt6/31tH99fTy0GOi2M776ujmhHbzwbrttUzAq1Ho9fPFxGHib1/sopj34Zr46LHhb0plto7ojoH12oTomUthbFiRi1V/yrtowK/keWtVZFk9VFtSUFg8f3zQxVzbx1eQvHq54trYuk95fFaoV0/328ptdFdJXFpyUlWIVFPIWUuom1NHT1o2YGhAkonF5+BwuImwwWvni2PjeljspYj22a7usIPxxYLSyJiag1OVmobk49d7hHO9llCdVlCjeFGliVK/Y02pxMSgZ1GXn1+JbmGUt3PIzoF6tq5gnX6WZ12le2jN37x9wZ8TaCxyAAAKmklEQVR4nO2b+V/byBmHLck3tuUDzH0ZMBBzhwCBJMsRSAgk7CYbNskmabfH9qLbbrtt8+d3rnfmnbEkyzGfGNb6/pBYI2n8zqP3feedkYnFIkWKFClSpEjXorVuG3DrtLbd6LYJt00NZ6fbJtw2PXTWu23CbdO2s91tE2621jbMFsdxumHI7VHDmTZaImQttOYYzJYiZK20bjCLkLUURbRjHHfNmFuih4QRmgMiZK21Nuc4czV5GCELoQaBtL0MRxGyMKKh+VAeOVH131rLjwmzJTia05DNdMGe26AaTWcQmtPI42bqtluf745RN1yUGVRny2oquG9TDXXHppuu2rbHls84I2bvdsGe26BlbXle+5r8M8SJ2cNdMulGqdZoBO1Wf/3RcT7Ehl1ObOGLmXWTtUNmyOmlZY8z80PjY2tlcvojELMnaPvweI9ntBqtKsgk+dB0tuEVwugjPfcBiM2S5plZ8qHeFVNvjja2Ha7HG8jZhiinSdZenhpgxFxSYoxxfN2z9oZoY11Am2MvlIbH5kW+r4r28qQIywnhb922+AaotjPH4RA/IgHp1hmYfkdq0bYfxbRpYGxivK2SIxfn6lNNoiWebr4qF3BNc1995l2xtHlfHAv3FW+6F38Duz/tdR/R0jSh1pDlBNUUdzHOjIblgjhxPzY/y5JbG6sBSyivzIKmlLoqIZoS5m1F3FfCuDFl3hWLw31xox+hQgkQVURLRnso0GqlcWeeA8PE7nIHu/sV++83sAIgmmFzA/0QmlgffG1GNo1AUykEMmvkWpHRh5DW7rWy6Avk08xrnXkNbMZFyPYYqiphxxxt/bdwog4B6oYmpr7WkhFQgBY10gBkVq75qo6QWQXGTD5L7Md57UsDkc0iYovCycjHARai5UUozwBsG8WGdCk5zrRsUY4XhKySbrqqM2RWQceDIjOjdRiEbAIRG+A5bIof/cCmhyqrNmZXAFkb20Elw9BYLKtsD4UMZcFrQsZjUV6qQn9QuyAQ2QpCdoc7Wb+YIn+3B9WG67r7rpgFwiuhDBXzXF61xJsu80Kmss11IauwU5AgCvJuMC1jdNY8LJz7dScbq9v9qOHymP670s7uWUYZmvVraYUskzOu+gxkpFRIySTKU5V0d6hZZMpItUQ26+dkdRqxfBJw9mjT8QHl2AYxPPSiboeFq4xAZNIPOkDGDqSDs2eVzhjdmQz9kQ37OZnLJ1IxH9BZYNN6bo+3QwwD4u5eQi1qsgpGBuVIp8gMNwJTKuLaomGWD7LljekPfk62KwqySc7RuWPbL17Ys7ttBCbK9WIYBdSgskgLZNbgtSAzOpB1Rk4HGjc7QwOqNdh+ho+TLYxBc79YdFYHnlubxPvC7zjKgpGqhM3UbfFDVhHBk+m7VmQj+iGfk6EeqjR1Jrtfm3ZwqqfiBX+Z1RTuEKpvhfftDRx/s3ly8vvQyISvZ6Qtqk6jkgtPXy/TqHSMLKOfhaKCpwzw/2xTZ/xweUkAc35Accmd7Cv2eRyvCGASKP/BurSsP4ZGJswoSUKcYV43PQCZlqOvLf3D5bCkpHEP/q8WnRqyjceC1/ZODZFZhKUS0axGjMQsX0e9tr45efljaGQwRo5uBPIFGCOnTF9kKhvGOy0yRmSNKIvjEdSQMk9qyJY4r/VGTa/8yyos7RXbFN/gsKyD2dDE4MlluT1FCAUYiVyY+yKLy1Pk6cOU1mEpm5H5QGb8tPK4vubO6MH0+nRDvBuvKyZsM7Z8t4kVxCZD9sSy9kMjgy+Niy2CdF6gKxhjDUDWB6GZl4g6Q5ZBC30I1azcxEB7BX51GfKmqthU9BHf3n6lPYgWgjH1icQ7WBEGCkRyYR6ATK384m0gSxv9KCXwpiKAKsoiDe0F+SEzkFR9idHptFx2viVd/Gn2UbglQEl+p3AvIFgyjAlCJi9OtIHM7AeUN7ZYYZqEDxV0zg+ZyvItnIwWGtX+KkV24ooXda2UkHbgmragBhvXL/RGJsfll8vUOH2RmYsjENiV9Tjvh2wCVpi8JgtgNsXq/z/TPi75bw6yqRYhmpEg1C4ZS/pgDYRBMLIcFLQ+yNSWl2wx+5En9L1+aWLF7CkAGdEuBSJ2LGDC9FD19V/u0GUm0Uv+m4NK00MzpBjhhVJc5RC4PxiZvu7yWEcPxox+mpDJCVEt0gzITHl8KgDZIxmWVb6S9EH2yvorR3ZsbbLfHBRbTAS4/FKmZdBQYAXcApksL3RkckyFtNHQXN8NmjcL6Ss4/SWUPzLKY5HnfuJqZT9k5SeA7MDa56lspLkzrCwyRL6J4E8yoz/zVsjS8tUPHrWKdn5fTu7F5c1+kAMaoYmfhu6CLTZ/yjyP0XJ10geZc3FR5cguD3go5KxgZlqSl4POYkYhkSHiCBmK9kwxVUKxnzX7Qe5U0F7DaftTWe8zTQOjGxa8iuVvfX3qjIEL64kjvMwusJcYeeMtoKki/kr99QQc9YVEpq3nU16NWMosNGqZGtDLQKqKx20hkE3BZFmVy3JTk6Tuv7DtA9LFi/F0IcW7lF+fHm2mJx47L1ghmXDnN6qM1sjwWwSJLI12xbFUvkKjVhfrtZnibrAMyGVjY0PbsAlEc1q53wvZ38i9T54zZPvk+4sp7kPCTdKHyaMmZhoHSDx8OEYdFAIZwqOIyKSuCYUeHrWcYCuapapjYzILfluuCrKyX2iesLv3T6CPwUSRQuOJdvQomUyuGp1C9shrWHKaOcYWdQAylHTQpGeUH5wYGro2aumoujtBktB+zNAa2TaUsHcc70KD5rDvrg4291EfZCVTzLwbPV+lwJLJQ5+vFCPkASCWleBzifDI1GsDrUTX5lL2hLAPaaNW0LXQhEc7GNMVjGwHfqliD6DNf6x9i+Qy4n4kk1nW388PKaM3lpV88zQJMr0sm+ASpuTYgSxeucSTLYlDtRskpFUERdGoT2xZXCZU8np0QT/8KAWHWskay2NTlHL6zYZmFJspY3MbnOwnguzK/od18smy3nJGb+inNxLZPc+uv4TigymmeOg9ls61q+D0e7rZ8WaVIPtn8qn1lJASnmVJeF5x+SvXOKLj6Wbu1hUBdPzzyct/kZSbHx19t3r41pLwiJonzF+3OLKFBR83e/b+++QVSWYvL/dXZki65NFdsv6NMtlol4fwpUXfiy8MDXu62dbZg2Ty7PSj9fo7y2V/m1Pg0x5J1vHCoYjK7iWybmp+xSObnRJeyZ/d062fXjkX1i+fVt9R92LX04qQTID3RkdHexOY2ASSbsbr2WfUhSi15H8unP++pdn+6F5c1TXmT297S/LnLI/47wzYjsaWzFW/zF3JrJUxq74eFcya98dh94yKetiDB0kkUrEWW+zG9ooEsiH6nq6KJ83TM8Zta+t/JGuxiTGbb9VZb4ghcydYgLKfE9DIfMbmSwLs+1P0h6x93muIntN83XXrM+Jn/v17Tnlg60zE4tkzW//T3wiZJrFCn3wPZf15bGLB1V/2mq+2elyc2HuR8g97rar/HGnAerVGbU+uvRUBa08/fopCsi2lVyNg7emc8zrvsc2vzxd7UXQU8QovGpOrUcoPr/QRrVojtaGj5GoUkW1pted27zvWakQsUqRIkSJFwvo/eFfNDW8Zw24AAAAASUVORK5CYII=",,,,,,,,,
Cities for Global Health,Iniciativa,Plataforma,Alianza euroamericana de cooperacion entre ciudades https://proyectoallas.net,,,https://www.metropolis.org/news/cities-global-health,,,,,,,,
Metropolis,,,,,,,,,,,,,,
BID,Agencia Multilateral,Financiamiento,"The IDB is the main source of multilateral financing and expertise for sustainable economic, social and institutional development in Latin America and the Caribbean.",,https://user-images.githubusercontent.com/22085053/28432812-59ee8b7e-6d57-11e7-9fc9-388cf7d6267f.jpg,https://www.iadb.org/en/about-us/who-we-are,,,,,,,,
Jota Samper,Investigador/a,Persona,"Jota Samper is assistant professor at the ENVD Program. His work at ISR concentrates on sustainable urban growth and dwells at the intersection between urban informality (""slums"") and urban violent conflict. He obtained his Bachelor of Arts in architecture in UNal in Medellin, a master's in city planning from MIT and a PhD on urban and regional planning, also from MIT-DUSP, where he was a lecturer for the past two years. In 2010, his project with estudio teddy cruz, exhibited at the MoMA.",,https://www.conflictplatform.ox.ac.uk/sites/default/files/styles/person_profile_photo/public/conflictplatform/images/media/jotasamper.jpg?itok=QwNnfHiV,,,,,,,,,
Ana Maria Restrepo,Coordinador/a,Persona,Ana Maria es la Coordinador/aa general del Centro Cultural Moravia de la ciudad de Medellin ,,https://i.ytimg.com/vi/04_k871OKY0/maxresdefault.jpg,,,,,,,,,
Tulio Vásquez,Director Regional,Persona,"Vicepresidente de la Unión Interamericana para la Vivienda ( UNIAPRAVI ) Cofundador de Zima Smart, Fondo de Inversión Inmobiliario Coordinador/a de Uhph, plataforma de gestión de conocimiento para America Latina y el Caribe Durante 15 años fue Coordinador/a del sector privado del Infonavit México",,https://i.ytimg.com/vi/N7rxVB46zLc/maxresdefault.jpg,,,,,,,,,
Anaclaudia Rossbach,Director Regional,Persona,,,https://www.citiesalliance.org/sites/default/files/CA_Images/ana-file.png,,,,,,,,,
Luis Bonilla,Coordinador/a,Persona,,,,,https://twitter.com/lbonillaoa,,,,,,,
Adriana Allen,Presidente,Persona,"Adriana Allen is Professor of Development Planning and Urban Sustainability at the Bartlett Development Planning Unit, UCL, where she leads the research cluster on Environmental Justice, Urbanisation and Resilience (EJUR) and the practice-based component of the MSc in Environment and Sustainable Development (ESD). She is also the co-chair of the UCL Grand Challenge of Sustainable Cities.",,https://pbs.twimg.com/profile_images/2879142983/f38375ffa57e036ef5676f57ed05ad05_400x400.jpeg,,,,,Reino Unido,Londres,Hackney,,
Andrés Cano,Coordinador/a,Persona,,,,,,,,,,,,
Juan Pablo Duhalde,Director Regional,Persona,,,https://pbs.twimg.com/profile_images/593257331368013825/mNWd3mcf_400x400.jpg,,https://twitter.com/jpduhalde,,,,,,,
Hugo Bahamon,Coordinador/a,Persona,"Hugo es asesor del Ministerio de Vivienda, Ciudad y Territorio de Colombia ",,https://www.funcionpublica.gov.co/CCB_N_FOTO/M2890755/417b078ce558809af03591e5af18ff4c5ea3e70c6116e582f2d982ceae818a79da338197ac57fe73a9c4c1a46fd7f5a564552a7c23b19322c4b6a25af327f387.jpg,,,,,Colombia ,Bogota ,,,
Laura Rojas,Especialista,Persona,,,,,,,,,,,,
Patricio Zambrano,Especialista,Persona,,,https://penniur.upenn.edu/uploads/img-people/Patricio_Zambrano-Barragan.jpg,,,,,,,,,
Adriana Hurtado,Investigador/a,Persona,,,https://cider.uniandes.edu.co/sites/default/files/AdrianaHurtado.jpg,,,,,,,,,
Isabel Duque,Investigador/a,Persona,,,https://lh3.googleusercontent.com/proxy/jIOwzfHzqTq4OlRhjisWTUtist4hfmIQYclCtycHj8LCCeb_fusaBvPtX4dJOg3ZCYqxcoSlTrCRAN22H2NFa6plD5w,,,,,,,,,
Maria Luisa Zanelli,Coordinador/a,Persona,,,"data:image/jpeg;base64,/9j/4AAQSkZJRgABAQAAAQABAAD/2wCEAAkGBxMTEhUSEhMWFRUWFxUXFxUXFRcVFxcVFxcXFxUXFhcYHiggGBolGxcWITEhJSkrLi4uFx8zODMtNygtLisBCgoKDg0OGhAQGzIlHyUtLy0tKy0tLS0vLTAvLS0tLS0vLy0tLS0tLS0tLS0tLS0tLS0tLS0tLS0tLS0tLS0tLf/AABEIALABHwMBIgACEQEDEQH/xAAcAAAABwEBAAAAAAAAAAAAAAAAAQIDBAUGBwj/xABJEAABAwIDAwgHBAgDBwUAAAABAAIRAyEEEjEFQVEGEyJhcYGR8AcyQlKhsdEUksHhFSNTVGKTwtIzcoJDRKKy0+LxFhc0Y3P/xAAbAQACAwEBAQAAAAAAAAAAAAAAAQIDBQQGB//EADERAAIBAgQEBQMDBQEAAAAAAAABAgMRBBIhMQUTQVEGFCJhkXGBodHw8TJCgrHBI//aAAwDAQACEQMRAD8Az7dl0RpRp/cb9E4MBTGlNn3G/RW/6Jr/ALGr/Lf9EbdjYg6UKv8ALd9FOzJXRVCg0eyPAJQYrcbAxX7vU+4Uscm8X+wf4AfMpWYZkU2VQdr0pZPA/Oy1Q5K4w/7A/eYP6kWI5GYxzS3mtR79PXd7SUo6E4TSkmc/DUYate30dY8+wwdtVv4SnW+jTG//AEjtqH8Glc2SR3c6n3MYAjhbZvoxxm9+HH+up/00830XYnfWoDvqH+hPlyFz6fcweVDKuhN9FlbfiKXc15+icb6K6m/FM/lOP9SOXIXPp9znORDIulN9FZ34sd1E/wDUTrfRW3fij3UgP60cti8xT7nMMiGVdUb6LaW/EVO5jR+KcHouw++vW7ubH9KfLYvM0zk+VHlXW2+jHC76tY/6mf2Jxvo2wY1dWP8Arb+DUcph5qByDKjyLsbfR3gRq2oe2ofwATreQWAH+yce2rU/uT5LE8XA4vkQ5tdtbyJwA/3cd76h/qTo5IYEf7szxcfmU+T7kfOR7HDsiMMXXuVnJ7CUsHWeyhTa4NGVwFwS4AQe9cmAVNSGUvo1lVV0hAYnA1Ka1LDVWX2EtYnWsRtanWtSAJjE41iUxqeY1AhLKaeZTSmNT7WIIsbZTTjaafaxONYmRZF5pA0lL5tA00hG6w/KuicocHte5zW5C24Dsha4zFoqMnfc2sSh/wCq6OuSqGxIcWtAMta9sdKekHNAt7QmJVg/Y1AuLyzpHNJzOE5tZEwdTHDdCOpsmgZmk0z1dbD3Xp09PcbwWxmpdmebUa9t0RMBygbVqMpim9pe1zpdlAABIPtdPTVs+s06G1wo2H2fSY4vZTY1xABIaAYAAAt1NaP9I4KSq5uLfpL6akl6nqGgiCNVFgESNEgLARI0ExhoIIkCAhKKVT7Q281vRpw48fZH1VNavToxzTdhlw5wGpUKttai3V4PZf5WWUxONfUMvcT1bu4aKuxJcOkHECwgNDo6+reSeAWNPjWaWWmvux2Nmdv0f4vAfVOUttUTvI7Wn8Fz8Ykg3qvI4c0TMibmLajwU7DscDJeXSBYgDvgafmq5cVxENZW+GBv6dUOEtII6jKWsTRrOaZaSDxBV/szbGbo1IDtx3Ht4Fd2E4tTrPLLR/gGi2QQRLXIGb9ItSMC8e86mP8AiDv6VyCF1H0o1Yw1NvvVR8GO+q5gAuSvuauDX/ncMBONCSAnAFQdYpoTrGpDAn2BIYtgTzGpDAnmBBEcptUhjU2xqkMCCLFNanQ1JanQncixOVBzU4icgR0cYyn77d+piY1idR1hIG0KV/1rLR7bd4zDfvF/FRRsCiGhsGwiZgxIJEjjx1ud6U/YlB2rCbEes/R0zN76nxWp6DEVx87TojWqzcfWGh0PYYN+pG7aNIAu5xsB2UmZh0THbEeITTdkURPQ13FziO4EwNTpxR0NlUmsDIzAEnpGTJEH4ADqACHkHZiRtmjDjnADTlJIIk9XHq47kbts0ACTUs3U5XEDSJMb5tx3Slu2ZR1NJp01E6RHyHgjOz6MyaTCbXLQTaCN3UPBJ5BkqUEUoKAw5QRISgAykVKgaCXGALklGSuYctuWFX7U2hS5vmQBmzEl7nmYIaCJHq+Kqq1MkdN+gI0e1tsmpLWSGfF3b9FVSkrN7b5SZSadGJ0L9QOpvX1rzeGweK4rXywV31fREatWNJXZf4rGMpiaj2t7Tc9gFyqmvyqpD1Wvf3ZR8TPwWUoUn1qkZpcZJc93xJUxnJ6uY6Ivp02375he1wvhDA0UvMScpfCM2pjp9NC6ZyvZN6bx2EH4WVpgNtUaphr4d7ruie7ce5Y/9CVMxaSyRl9sEEuzHUWsGOlIxeyn02l7ssAgWdNzO7uKuxHhThlWNqd4vpZ3/wBkY42onq7nRVWHb9IVObIcOm6mHHIGl7YzAS6ZE8L7lS8nNunMKVYyDAa83c07geI77fKCNjYrnedNBhLKtaq0Fwc05i5wJh0g5stgNw4Lx1fgbwVaUMQ9P7Xe1zSpV1UjdHX9iY/MObd6w0PEfUK2WE2c+pTDc5Be3e2YdGhy7pG6TvutxQqhzWu3EAjeeyAu3heJdSDpyd3Hr3RNowXpVrf/AB2f/o7/AJAPxWAAWv8ASfWnFNbfo0m68S55PwhZAK+s7yNfCq1NC2hWdZrmktawFoHuzIj1i781X0mkkAakwO0qwpsa480Hvm8e4SN0cOtQiWz3JTMMLWM5qTZAEDog6RHj1Ixg25S6TJBdO4GbCwj49yh/Z6mXNugO9a8bjGqedg3gXg3EgEEgnSQnf2If5D+KwwZlib8dbRuj6qY3DNBFoAc2HE2fJE/WyhtwTpAlpkxZ0gECYPgnhgrAhzSSXb7Q0TPw+SX2B22uKrOl7j1nrSgioYYwDIAy5t+kxwUqnhbwY9ZokToQTZRytsHKKEBKaU63DzEfxGYJMAgaJTcLrfcDpcz1IyMWeI0Cg4oRYX7epEUiRuXcoKNozaweiRlvBzTpGqSzlHRPq5jpaACZLgMoJvJaPvBR6GPeJjB5fWLpzEkjeIZ0rhwjX1Yslu2jVno4U5bkyx+bohp0yRcHdOka2WzkXb8mJckUNvU3OawNdLiA09GCCSJEkG0CREid4BKQOUVImAyoZu2GtIcImQc0bjYwZERNk27E1cpqHDDnGACnYk5nSH7rC2o3OHFLZjsSXf4MNALt5LhkJawHQOzwOv5xyrt+QTDw+32Pn9XVAaJccoMQATZpJMSBpvnS6TS26SJ5l8S4Wh0xlAiLXzNvprwKSMbjJg0WxLxLZmBDWkZjFzLt9oHEoqWJxuhptsW3MS4e0QA4AaxfSDqnlX7YErZm1DWI/UvYC1zpcRuLYFuLXg67iNysgUzhs+RvOGX5W5iBAzR0oEmBM707KpdugwSggmsTXDGOe7RoJ/JRbSV2JlNyn2lkbzTTciXdTeHf8u1c1fsfncSarqwc3nGVRTyERzYAHSm9wPBaLG1nVHOcXQ5xmRu6h1blTbdxzqNORUOZ1miAO093zIWBSq1sZislF6y9K+ncJyVOOZkLlJtkyaNI9T3DWfcbHx8FG2JsBtSnUqVnPp5f4coa0NJ5x5cLiQGhouTPAlTvRzg2vrVKz25uaDCJaHQ8vzZhmIvlpvvNplS/SfiMz6AdBeGvLnZGtdEhgHRLrZmVHRNsy+g4PDwweXB0NH/dLq3uZU25euRiAUvnDESY4SYnRI870LeYXoLLqc4oHzr9Va4DYdSqznAWNbe73htm6kA7tb9R4KqBHEeJPyW02fjqNLBgvFB55kjLzhFQvdUrMyFjTIAp16hnW/UFyYurOEVy1q2NJdTNbS2c6gQ15YSQfVdmFnFpFhxaVq9g7VNSk3M1znN6JMcLtMdY+IKz3KbaTa1YOBtkaSGeqHvHOVAD/ne5SORuIis5gbOZu872n6ErD49hfNcOc6i9UfV2+v4LsNPLVVtmasY0aZKhvENbv7ZWs5N1i6lEZYOh9aDe/fKzgD+oK55NUjmeC43aDw0MfivnvDJxhiFqlfS17/6NhqTWiZz/AJf1c2Oq3nLzbfCm2fiSs+FZcqng4zERpzrx4Ej8FWNK2qj9TNqlG0Eh+k8ggjUGR3KX9rFy1ga4zeSYnXKNyiUdRbN1Xv4KVzrRrSb95/1ST0JSXsSq2KbMNA9VrC6TpAm3wT1bHdNxYAJd617hpkWOmgUNuIb+yb4v/uTrcS39mz/i/uTcvchkXYktxpEZWtbcmBNyQRNz1pVDFEBoAHRJjsIgg9SjPdMHKG6WHfe5QaoOTJqESf8AaybQAIywOEynRi3fEH7ogKG1hibdkifBOMaSJhGZiyxJjcSerfaLXuRCWzEum0eAtGkcFDaDwKXca2RmYsiHzUMAcEWZNZ0Rco3Cxu3VscZIZTG8NIGojok5v8wB6rxNpuzTXl3PRFspEDQDMSATqSfDTjOQWu53VrGGBBBBQAEIIkAgYCj87kI83RT58lBEPzuWe5W4qGtpj2jmN9w038fktCsRyjrZq7uDYaNfZ1+MrO4pV5dB266EluVc+Z/NYnlDiDUrOi7WdARB7fEz4BbHF1sjHP8AdaTrwFtyy+HLKZcaWIqtDjGcUwQSJ1NuM9Urp8HYdZ54hq9tF99/wcOPqWtEj7I2pXotcyk1pDiCc1JlT2XNHrNMdFzh/qKZ2tjK1Z3O1rkQ2ebyATmeBDQBJlx67lWTca0zOKrneRzI3Exebaz39aZrYigWuFWvife6QEFzQQDffFuq692pRU8+TXvbU4E23Yz73EnLTBcYJMNJIAufBQwbSJgb4+fgfBajk9sfEiKrDS/WUyenLjBOmQazAN5EGdRa0LtpCTFEEtBLZJtJJOQE3AJkRx1MryWNxdXEVW7tLoj3eDw9LDUlFJN9WZTZ7i85cwBkASANdJV2Nh1f2lOJ3kgxMTljz4qpbg3MrPbWILwWl3SmSekQXcbq+dh8rg4YZkEDSqLTpMRlPVC9Dgq1WWHhmetup4/iqp08TNU9v1GTseqLmpS0kQZkeHw1S9hYgsxTWkg+sJGnqnRSsRDWc47CMhjmuP6yZAIsQSbEuaNPxUHklh8+IsLNa534D/mSxs4vBVnW/pUXf4OGinKScd+h0ChUlXXJ9w50kmwYfm1UecNtqeCn7J6Iq1X+zTcQO6e/1V8j4bh08VCT0V9O7/fc9PzZKOXd9Tle0KuerUf7z3u+84n8U0EzVqholxhMDalKPXC9Nlb2Rq54xVmyzovg+I8bKRTqgCAD462i9tFSYfb1Kd/UctvDxVvh8fRf6sdVr6u1G8erbqQ6c0LmwbsmTBijMxvnX2ZmOxONxNgI3RYxw0tbT4pptUZurKBpHCbeKdbVb7o67DTpaeLfBRuTt7DrcSYi8xEynTiAWnid149bN2d6abVZ7tuwAjQgTv01604zENjS/wDlFuiQb77kFK4NewptaCDHSEcd0RbuTgxNoAtEfP6pLa7Z9XfpA96ZnstCbc+Y7L7rpNha/QlDFmbAC879ZJ/FJdVk/BRwUoKOYeVDpcklyKUklAWOi4dmLFXK53RDS4E5cpcWkCmTlzEB2U5tYBmZs5TwuJLXZqty0taAQILnNObMGDpNGYAxBtZIwWw303tcKzoEkt6ZDnRDC6XHQWPGB2pmpshwMfa3AwSQ5zydTldeoI3g7j1EW3dH/B50P9H4wABuIEz7VxoST6smXZbbhKffgsUeabzwAaP1jgTmc4mSBLYygWBsd6QdiVMrWCu4Cczn9LO5zWMYyBmA9kk6i+k3DX/p+pYfaHFt83rgwW3A6fvS4e7p0txdd/wMFHZ2LlmbENi2aHOv0sz46ImLgXFtbCCrE7IxDnVHNr5S/MB0nnK0u6OUTYhsC3u9ZS6WwIAHOuJ5xj5i+VkkMiYEzc33WkAq688VFz7AiPgMOWMDXHM65JJJkuJcfWvEnTdopHneEPNvoUOz4fRVN3GA8foVx3lhtx9ENNNgc+s8tDiSGsc6/SbqTr4HsPXcX/hvOvRdcWOhXK9p7Op1nUy95mlmc0AtEOIgPIIMlpgjr1lZPEZQVSmpq61Y0Ziltms8YmiQXU6YDDVcRPOhwa+QNznB5A9keCiUse9jQ0WAmIA3xN+4LQVNj0cPhKzKTi4Oh7szg51i3eALWWW9XS4K9f4YlSqYebgtM3/EZmNV6ln2LF23KxtzzgDuAAvvm03UbGYyq8g1HF9oBPCZj4pl1MQY7UG+p2L0ihBapHIrLVFdVaRx6vwQoNLrRPXwVnSolwDGtLnOMNaBJJ4Ab07i8I+gTRewtqA9JpEEcPhvXn5cCpOs/Xpfbr/B6NeIqsaSSgs21/8AtiNgaUHs1T46TjuCSB7I7yj3cGjxJW7GEYq0emiPOVJucnKW7FvOcx7I3rV8jaMMqPaIBIbmPBsknxI8FlWU3OIaGkkmGsG8nSVK2zXxs/ZaMUmUSG5g8MNR3rZhvg6x46wvPeI6i8t5eLScu/Zdfmx0YOned+iOhMgad7jv7OKn1ehgMVU0zU3tk6kZctuAlyzfJbF16tHNiGxUDnMkR0w0xnA0bcOHdK0XLj9Vsuo3QkMHeXhxvqd68Nw3DtYmWbobC3SODV2VcS5wYOg03O78z1Jn9B1xMMLuxavZWE5ukxuhygn/ADG7p77dymHEU2evUDSd2/wWtKtKMrRNLy8ZRzS3OdPcQcrgQRuO5G2oQdexafaWz6Vcw14zDQ7/AA3rJ4ik5ji1wuPNl0QqKSOOpTcGaPZG23NIbUOZp37x9QtZTdNwuaOO8blsOSWMNRvNkiW6SQLKjEUtMyOrC13fLI0LUsI20P4m/eCWKH8TPvLiszQuhISwjbR/jZ978ksUf42eJ+iVmK6EhKBShRHvs8T9EYoj32f8X0RZhdCSURKU6mPfafvfRMkoEdLfyfB9aqTbXKAS4zmJvfMIzDflHAAJbyZZMl5PSn1RMQQAeJFoO7KIV6CPr+f5oNM3Gnjbj2di2uZI84UD+S1MtgvJnUw2+hNtLxJn1jcyr/z5H0Qm/X8YRTeO+Pl2aHwSbb3AHnzvCB8/kUROm6bDjPA8d6BHV2j8QojQfnrCHkH6oEeI+IQjduNwgY3iGyxw35T32K5piKIMPDGudaZ3dfzXTwdD3Fc32hs9ofUaZs8jwNo8Asbi0bKM39PkaGKmAYQ+mGgCo1zbD3hH08Fzp7CGlrtQ6D2jVdMpsiANGhZPlTswh4qj1XmXdTvz+crR8H8RjTrSoTekrNfVfqjjxsNFJdDPts09dkst0b3lF18LDrPFW36DdcCrSIEyc0SRaBZfRZ1Ix3MxuxpNhVWUdmuxFFvN1zV5kVi3OT7RDTlcKYyiJIgu13IuXeMa6hhW1GOOJdTbUNV+Vr2UzMMeGgAk/gTAlQsBi8Xh6bWMxbKdKXEZWsfDpFhmbcyRvtroo21sNXrv5ytiaVR0QCXD1ReIa0CZJ+KyY0lz88npdvrf6E3VjayM8B4cN56zwCUPJ/tH4pVVmVxbIMEiRcGN99Vb7A2MapD3iKev+eNw3lvE2C7cXi6WFpOrVdkhRi5uyJfJXACedfunI3juLzvdvAHarOtsQPqVagxFZhqtDcrHgNYRkGZoA6LoZE3MEqU9t/8ABBgQ0yAIBsOocAIGqfwbYJ/V5JjeCT1Hs/HevlXEeKVcVXdbbolpojYo0lTjYsOTGzAObpSXNpgSXXJje7i4nv1sqz0l7WcHPoVqdT7MKLHipTEj7Q41AwVnatZ0bRF9eC2+yMHzdO/rOufwHcsR6V60uo0Wkt5wE1I9pjDmY0zwOc961+G0XSp5p7vVl8Fmkkjk2zsPXeYouymCXZtBwtJ1PyUbmKkhwBg63PfJmZ110haOptBtAc21skmSRqSeElKoUm3qvpluY7yWu01MHffVDqWd7aGoqV9GzOHDue/NVDoFm2eSdT0SPxKj7U2dUAzONrw1xzOA4StS/EMaTlLrje9zrcBJMKj2i8uBLtNwRGo2yNSlFIomCyl7MxBpvDgdPlwUev0SRu8wkMdvXXujg/pZ0zB4gPaHDQqQsvyaxk9GVpwVk1YZZWNujPPG4sFKBSAjVZbYWClByblAFArC5SS5FKIlArHT2bAeGxz5kkuf0LF0ZW1G9LMHiBq5wtMApp/JpxBHP6g6UyAMxZJaM8DotiNDN5HRU3ZmyH03h76ucink9Ui8jpXc6LAC2upmytvPet1za2Z5koto7BdUe54rFstgDJmAEBhPrCZZII4mdyYbyX6WZ1YkXDhlILmnogk5vWyl4n+KwAEHR9ff9UI+ncUcyQilGwoZkz/7Rz3QyAZgNEZpIAEQSZk6CALXD0gxrGDRgDL6kAACeJ0ThHyI8ER3/wClRcmxpgG7tI8/BBu7vQ+pPgEX0jvKiNMNm7vPnxWS5T4bLVD9zxmPaLfRa35adw1UHa+C56mWx0tW9u5veFx47D86i4rfdEkzD9u+5/AIqlMOBa4AgjpTcRwTjmwYOoJmeO/wSHOgE8JPwm/WvHRcozVtGibSa1Mltbk85kupS5vu6vaOHX3XVZgKzKb5qMziCC07psYneFtcPjILWVTke8uyNMiYmwdAGaBJ39uqk1qDHWe1rupwB+B88V7fC+K61GHKxUM3unq/1M+pgU3eLMb+kqH7qyx99+mkf+VG5h1Z5NGkQLDK2SBAAu46Trc71uG4CkDIp056mNn5edyfaBEDTqiPDz3q6r4wpwV6NJ392Qjw931ZQ7L5Mtb0qxDj7g9Udp9rs07VoQ3z2efyCIDz589iUB58+exeRx/EsRjp5q0r9l0X2O+nRjTVkGB58+etXWwcBJ5x3qj1RxPHsCjbK2aahk2YNTx6h9Vp2NAAAEAWAXZwzAObVWa0W3uNsWuQ+liuft2HaDc0/CS8fj8V10rifpbLjjS5utNlPTdbN/UvTJpJ3J0U3LQzlbDvLgQ4ggRamXd87lNdhnEdJ5IHsmLjrgBFR22MoIF403gqux2PqVDcwFnSUm7GtmjYlVazGtkNglZzaOKJKl16pIglVuLFlZTjZ6nPVm2tBjGB8gvBBcA4SIkOEgjqKYDk5iHvJGckkNaBmmcoHRF90RCl4HY9arGVhAPtOs2OM/RdOZR3ORRcnoT+SLSapjQC/wAlu2qByc2TTw9MhxDqjozO6UWDoAi8TllXDzTkRECZ9a5i3XE98Ss2vJTldGthouELNEeUcqXSYxxhokxf14mQDpeImO26iPiTGkmOzcqGrHQpXDlAJMpjE4xlP13AE6DUnsAuUJN7DbS3JMpJWT2xtXEF+Wmyq0GC3oEEi8zAJ1jeI0jer3ZHO803nvXvOkxNpjfCslScY3bKIVlOTikegERQ/NA/Vap50H1+YSf+35oz58EUeewIAI/gfiUJ+fyEfNHHns/NF5896ZELt87yhPnr3+AR+fPzSfPn5osSuHPn5D8UU+fPmEEEEkyl25sjnP1lMdPePe6x1rHbVYBTdmzANGY5QS7o7mgXmfFdLKiY7ZtOr6wh3vCx7+PesnF8NU582no+3ckmcsw+FdUew12kOs9jGmOYDCIGYavcCQ4i0AtERJscRBdBpudaJAJHvaad/ELT4jk9UHqODhw0Pnz1KCdmVf2bvCVk14V1P1Qf2JaGfBZAHM1Y1FnTeLm/WpmCotaOi0t4zM9GRv3fVW1PZdUn1D2m3zU/D8n3e28AcG3PidFGOGr1laMGGiKRoV1s3YhPSqWHu7z28FcYXAU6fqtv7xufy7lJWrhOERg81XV9iLkJY0AQBAGgSlVco9tswlHnHDMSYYyYzO7dwG9YNvpFxGeS2nl93KR8ZmVtpJaCUWzqK4zyyqZsbiD/ABx91oZ/SthtP0n4OixriKj3uaDzbALbrucQIkaiVxjbXKapWq1KjQGB73ugXIzOJgnv3BV16UpRsjqwtSNNtyLTaFMMpOqZRw/P5Knbip1Wj5DubVw9RlUF4FRwde5DmtiT3FW+F5N4Km/Pzbn8GVHhzB3ADN3krmy5dDqdXNqZDZ+xq+JP6mmS3e89Fg7XH5CSrjH7Kw+z6YqV4xFc/wCHT0ptdxI9qOJ8Fuab3ugBsDQAWAG4AcFy3lriHVsUabJfzfRJAkF3tQeA07QVOCuyipLQo2bTca5r1AKjnGXBwBnsnSN3CFuNnbQp1myw9rT6w7QsLh8JmBJqU2Ae+657GtBJTk0mGWvqvI0IApDuJLj8ApVaCmFDEOk/Y6ICg+oAJJAHEmFif09VdALi1u/JBf4mxVxgMJhakdI1Xa5ajzP3dFxyw+RXl+DvhiuY7R/JPrbcoNMZ8x91gLj8EgbSrP8A8PDuj3qhDB4aqdQoMYIY1rR/CAPknZVWaK2XyXZJvd/BWjD4l/r1m0xwpsk/ed9FMwuDZTuLuOr3Xce08OoWT0oSoubZJU0tQ8yRKOUglRJneEaCC2jyoSJKRIBiUEaBCBCYQRwhCYtRMIR58+fxNBFxhefPn8gjhEgkEgjQQMSUSVCJMYUIkpGi4jnXpWpvBoPI/VAObI3PMG47GiOwrmmMxLR6oJPE28+K3Hpl5WFjqeBpOF4fXIgwJ/V0zw94jX1dxXK8ZtF5EB0CPZYGHxufipNE1ew1tXEFz7mcrQPxtw1UGNwuSnD6rT2jwP5hX/InZQq1TVf6lP4vIsO7XwUJzyxbLIRu0jdcjtiup4eGOh3tSA5rnQCfiYkbgrqlg6wBOSiHbhlJ+MwFYbPpBjAAI395ufmjxmNbSpvqvMNaCf8Ax1kwFwpt6s6nvoYnlvykfh/1TKpNSBmAAa1s7pFzx7I425fWrueekZnuHgLBTtu4p1Wq+qb5nONjMSYA+EdyrQu2EUkc0pXYEYRBAlSICg5O4XEFr2vHskHw3KPKHUk9hrR3OntfNxobo5UfBPmmw8WNPwCeWJJWZ6KLukKlCUlBIYZKSSjJSZTEdAGIxP7y/wA96P7Tif3l/gouYoZytPmyMPlxJJxGJ/eXpJr4n96f8fqo5ceKGco5sg5aJPP4n95ch9pxX705Rcx4oZyjmyDlol/asV+8nw/JD7Ziv3k+A+ih5iizlPmyFy0TPtuL/efgPoo1bF7RzEsxjQLQDTYYt/k4pBeUWcqLqNkowURX2zaf75T/AJbP7EBjtp/vdL+Wz+xFnKGcpZmS07L4FjH7T/eaX8tv9iP9I7T/AHij/Lb/AGpvnClc4UZ2H2XwK/Se0/29D+WP7UP0ptP9tQ+5/wBqTzhQ5wozsV12XwLG1Np/taH3PyQO1dqRaph53Sw6+CTzhRiqUZ33Hf2Xwc5xPo8xtR7qj61Jz3Euc4ufJcTJJ6PFE/0b4o+3R+8/+xdJFUpYqlT50irlo5gfRni4A5yhqT679DH8HUtfsbkm6jSZTlpiS6CbuOp0vaNVohUShUKrqPOrMsheDuh3m1Q8sNi18VTFGk5jWRLi4kEukRYDQDN4jgrsVUoVUk7O4bnM6Xo2xTWOaHUSXiHS8gDK9rmkdEyYBBHWon/tbjvew/8AMd/YuttqJYqqznSIctHC+UPIvF4NgqVWNNMmM9N2drT/ABWBHbELOOXoTlPi8uGqWBnKLidXAH4ErifKDZHN/rKd6ROm9jj7J6uB7u2yE7rUhKNinJQCKEcqwgbrk1Xz4dvFst8NPgQrNZnkZX/xGf5XD4g/0rTSsivHLUaN3DSzUkwIFBBVF4RRFGilAH//2Q==",,,,,Peru,Lima,,,
Andres Burbano,Investigador/a,Persona,,,https://avatars.sched.co/4/23/4074522/avatar.jpg?877,,,,,,,,,
Eleonora Dobles,Especialista,Persona,Analísta de Políticas Urbanas. Asistente de la dirección regional de ONU Habitat LAC,,https://media-exp1.licdn.com/dms/image/C4E03AQF5Y8Oq2IU2xA/profile-displayphoto-shrink_200_200/0?e=1591833600&v=beta&t=KeRcsMUKOjBVsYm0KCf1TKyLj5NLZbj16JEDCT6JeKM,,,,,,,,,
Henrique Frota,Coordinador/a,Persona,,,https://lh3.googleusercontent.com/proxy/ayioOKRbXhQLgWwTI4VId-u3Utmu8jomq1-z_6xfty4VqQjmdAIDlcjDjGkH9ZiNlSWxU08v_O-75SVG4ou1zf2qcNUUXaYIOQYjaBFs39ASDoXDanLlaiA2RIK5h2qLGg,,,,,Brasil,Rio de Janeiro,,,
Mercedes DeVirgilio,Investigador/a,Persona,,,https://www.udesa.edu.ar/sites/default/files/styles/avatar_header/public/divirgiliom_1.jpg?itok=zKxKFE1T&c=d44a3e296a14e59a92c2730d6c91ecab,http://webiigg.sociales.uba.ar/iigg/miembrosDetalle.php?id=14,,,,,,,,
Joan Mac-Donald,Especialista,Persona,,,https://undiaunaarquitecta.files.wordpress.com/2014/07/joan-macdonald-13.jpg,,,,,Chile,Santiago,,,
Andre Franco,Especialista,Persona,,,,,,,,,,,,
Diego Aulestia,Especialista,Persona,,,https://pbs.twimg.com/profile_images/667373537250959360/DGpUzHR4.png,,https://twitter.com/diegoaulestiav,,,,,,,
Francesco Villarosa,Especialista,Persona,,,,,,,,,,,,
HIC,Red Organizaciones Sociales,Organización Regional,,,https://hic-gs.org/content/logo%20hic%20texto.jpg,,,,,Mexico,Ciudad de Mexico,"Nicolás San Juan 1015 B int.2, Colonia Del Valle Centro, Delegación Benito Juárez, C.P. 03100",,
Socialab,Organización ,Organización Regional,,,https://image.pitchbook.com/vnL8KlJjALtwl2313h81Yl7QP331566470799104_236x320?uq=SNQbS2T5,,,,,,,,,
Centro Cultural Moravia,Alianza Público-Comunaria ,Organización Local ,,,https://infolocal.comfenalcoantioquia.com/media/com_jbusinessdirectory/pictures/companies/839/moravia-1519999245.png,,,,,Colombia,Medellin,"Cra 52, Medellín, Antioquia, Colombia",,
100 Resilient Cities,Alianza Público-Privada,Organización Regional,,,https://100resilientcities.org/wp-content/uploads/2018/06/100RC_Stamp_Black.png,,,,,,,,,
Min Viv Colombia,Gobierno Nacional,Organización Gubernamental,,,https://upload.wikimedia.org/wikipedia/commons/thumb/2/25/Ministerio_de_Vivienda_de_Colombia.svg/1200px-Ministerio_de_Vivienda_de_Colombia.svg.png,,,,,Colombia,Bogota,,,
Sisca,Alianza Publico-Regional,,,,https://pbs.twimg.com/profile_images/738775596055076864/Jf3IOvIb_400x400.jpg,,,,,,,,,
Uniapravi,ONGI,Organización Regional,,,https://pbs.twimg.com/profile_images/1198992330495164418/wWFXD3Vw_400x400.jpg,,https://twitter.com/uniapravi,,,Costa Rica,San Jose,,,
Hábitat para la Humanidad,ONGI,Organización Regional,,,https://tuttocr.com/blog/wp-content/uploads/2014/04/habitat.png,,,,,"50°42'00.0""N 1°07'00.1""W",,,,
Cities Alliance,Agencia Multilateral,Organización Regional,Cities Alliance is the global partnership supporting cities to deliver sustainable development.,,https://www.citiesalliance.org/sites/default/files/inline-images/CitiesAlliance_Logo_W_UNOPS-01-top.png,https://www.citiesalliance.org/,,,,Mexico,Ciudad de Mexico,,,
UCLG,Alianza Gobiernos Locales,Organización Regional,,,https://www.uclg.org/sites/default/files/uclglogo-en.png,,,,,España,Barcelona,,,
CEPAL,Agencia Multilateral,Organización Regional,,,https://www.ecotvpanama.com/site/assets/files/others/2019/03/25/MEDIMA/31876/cepal.1024x576.jpg,,,,,,,,,
Uni Andes,Universidad,Academia ,,,https://www.internationaloffice.unicamp.br/wp-content/uploads/2019/02/los-andes-logo.jpg,,,,,Colombia,Bogota,,,
UNAL Colombia,Universidad,Academia ,,,https://upload.wikimedia.org/wikipedia/commons/thumb/0/0a/Logotipo_de_la_Universidad_Nacional_de_Colombia.svg/1024px-Logotipo_de_la_Universidad_Nacional_de_Colombia.svg.png,,,,,Colombia,Bogota,,,
Uni Boulder,Universidad,Academia ,,,https://images.localist.com/photos/542660/square_300/40ccb1a92527081b337a923352ee1a59f5968a05.jpg,,,,,USA,Colorado,,,
Plataforma Global Derecho a la Ciudad,Red Organizaciones Sociales,Organización Regional,,,https://www.habitants.org/var/ezwebin_site/storage/images/media/images/sight_the_petition_for_the_right_to_the_city3/3799401-1-ita-IT/sight_the_petition_for_the_right_to_the_city.jpg,,https://twitter.com/Right2CityGP,,,España,Barcelona,,,
Maria Juliana Yepes ,Promotor/a,Persona,,,http://www.centroculturalmoravia.org/wp-content/uploads/2019/08/05.png,,,,,Colombia,Medellin,,,
Min Viv Chile ,Gobierno Nacional,Organización Gubernamental,,,https://pbs.twimg.com/profile_images/985966075090276353/WUMmJUlJ_400x400.jpg,,,,,Chile,Santiago,,,
Lorena Zarate,Promotor/a,Persona,,,https://pbs.twimg.com/media/CyB3cNrXUAA_8yK.jpg,,https://twitter.com/Lorena_Zarate_,,,Canada ,Ottawa,,,
Amanda Flety ,Coordinador/a,Persona ,,,https://www.durban2019.uclg.org/sites/default/files/styles/speakers/public/2019-11/ddeee.jpg?h=317fe21b&itok=6I4_IjXv,,,,,España,Barcelona,,,
Gynna Millan ,Investigador/a,Persona ,,,https://www.qmul.ac.uk/busman/media/sbm/postgraduate/staff/phd/Millan-Franco.jpg,,https://twitter.com/gynaji,,,Reino Unido,Londres ,Shepherds Bush,,
Instituto Polis,ONG ,Organización Local,,,"data:image/png;base64,iVBORw0KGgoAAAANSUhEUgAAAOEAAADhCAMAAAAJbSJIAAAAe1BMVEUAAAD////Pz8/k5OR5eXm1tbXKysoZGRmTk5OAgID8/Py9vb3T09Nvb2/Y2Njc3NxnZ2fv7+8LCws+Pj6Hh4fAwMCsrKz29vZgYGBUVFRFRUV1dXXr6+uKiopsbGwsLCyjo6MjIyNZWVlMTEyZmZkSEhI1NTUqKiqkpKRJXM2vAAAF10lEQVR4nO2Za3uqOBRG2QrUS6vSykVFxUpt//8vnCQ7O1yE9hTt6TMz7/rSNAkhK+Su5wEAAAAAAAAAAAAAAAAAAAAAAAAAAAAAAAAAAAAAAAAAAAAAAAAAAAAAAAAAAAAAAAAAAPD/pch+uwY/zIUo/u06/CwjUjz9RLn+9x7Y0PKG12X7teHw0E551YKpjl6mCv05/TSKovQq5zf5Q8PjQQbJmR454O/6s+/6Cp2TsHxtpuQ68qhDYx0KVWBqMv4lw537cs6Q6K03O9Fzd0JAFUU9wdicTfB3DJ9o0Y7qtVDM/sSQksYTRLZT/IcMa69O1H8TG3aG63+v4Sy1ii4+ns9LCTvDTVIURdI/Fv6MlmGrwU4SWHUZ9pc6a6ZVpbLhzsvYcNJ+UOMM74MYxqrIJ1V26prSew/Vmx43ai0exY+UxmE4Usa7ka7WPIxVLRQHnTy3T2xGiUtT2bnk86JWKhtOdafQjOVdz5vtF4bTYB58c2FrGqakx4Ie77Kx2Nie9O5t3cB597zSZHAxSveFIvvIylRZuiAVpmYcDluGXmRC3Jl3LPXSMqythyWXMtsMNxxTRsuLGfK8r3gmCt6841ytDafprqDxk+9P1ZiYkP5iO199BF+xbRouTdpuZtLO3E6qEXxZGypDDpkah9Iku6ZhNZe6HOvhhkuKco9fxytfYpudW/ngxiEberVx2Db06uMw57Gmxt2paThxTq76RFm34cRlmA43XNj2VPXlrhPRSy3bU5fh8yeGzxJj00Je/SrDtYT8SpDSbkO6h+Ej5TYm5ZakWT3bUMOQ7ByTce0rQx5ZK17rlRsblF2G3BjRR7Kg/S2GgY1ZmM7+cB/DmesJM9p61+PwxX7CwE5nUZdh7D7vsbWZ/Z6hNE/MI8cOnNsMt1U7cftXhksTsocmPWx5U77tMDRZZUW6wVAWmzl3rDEVtxtOq6NWYDqJMzyZwMiOMe1zMKFJh6GJuNpx3Gy4Nu15o2FRHdsn5kwiexqutVLduuHHznGH4ULc72uoX1QpDjScV+eHndkNsOF4xNML6WiNzw+R2eVcGdrt+sB+2m/4kLrzzGDDkAopITO5mmeLiSx1ZvaO7IRyZSi7q6i+ft3B0HuIqlPqQMMRuW3uxsyGDUOduTAhsxQbs1nXevgoTwzYtH1maLYBxf0MZy1Ds+1OTHDrDKnL8GEmzww4LH5qqFei1Z0MX9vfkNdfNjx/buhdRHF0b0MVnd5iGNKH59JyZziLRqVdbWu9NO/tpV7VUS/3NvTsPDfQMHA7Jbs0utVC4JnGdBSzccv77mn2bFiv230MYxYaaFhW3ao0la72NBY+Ca+5QMVj700Ub+++fy3+leGeK/2Z4cVtza4MD24/r5rqo8vwxUQk9VDfXVs+bCB+ZcgL9aeGJ3dSfGobHqvLnLE5WV8ZunXeniD8fsOFxN/X0OdW6zwBy32a26TvxTCV2+LIzsXeG7teG4Yy1chW/NqwPNvXUPOO9T6GCZeZuUujmuHRRuV0kMLGYniRx+3AWXMTXRvyQEynnBJ2GYaUB/uSL3a+/9PNV4b2PFx1N2eYy+dRT3DUxV2ejWW6vMj3jTjm2tBeSVnO3YaOxqH1RkOe5kOps6uWMwzdmMiIz7l5KrPqXH7cUBOM6biJLafDcFUTnHtfGN50xm8aqrk5LpOI5Iyudjcfe79uqLpXuHbHkHI1SWkrhplOK0wwpXw/HUk5HYbeh6v/WErrMxzyE+rCvm7pDGPSVdvyHiqSA9RbZGtQuteYywUz25z4liWr7t8Cl3YxaXLROe8wdFdprvsTrwryu0UhgoOOiOfs2Pir3DJu7k0RfKxqOfdBoIfSJXOnxlUSyDsnYag/56v7KT5LgtLOtfswdFU7rzTtrddDORovEinXNz+h6prowF7NypcyDsNhN94AAAAAAAAAAAAAAAAAAAAAAAAAAAAAAAAAAAAAAAAAAAAAAAAAAAAAAAAAAAAAAAAAAADczD8R80zU02aUlQAAAABJRU5ErkJggg==",https://t.co/01GE3CBQRc?amp=1,https://twitter.com/institutopolis/,,,Brasil,Rio de Janeiro,,,
Cities for Global Health,Iniciativa,Plataforma,,,,,,Inglés,,Regional / Internacional,,,,
CEPAL COVID,Iniciativa,Plataforma,,,,https://www.cepal.org/es/temas/covid-19,,Inglés / Español,,Regional / Internacional,,,,
BID COVID,Iniciativa,Plataforma,,,,https://bidlab.org/en/map-LAC-innovators-Covid-19,,,,Regional / Internacional,,,,
Frena la Curva,Iniciativa,Plataforma,,,,https://frenalacurva.net,,,,Regional / Internacional,,,,
LAB Cidade,Iniciativa,Plataforma,"As cidades reagem de formas diferentes à pandemia. Não apenas em função da infraestrutura e recursos existentes, mas principalmente através de estratégias que levem em consideração as características de cada um dos bairros e territórios. Isso por que a pandemia agrava  problemas urbanísticos, socioeconômicos e  sanitários constituídos (e não resolvidos) historicamente.",,,http://www.labcidade.fau.usp.br/especial-coronavirus/,,Portugués / Español ,,Brasil,,,,
CORONA periferias ,Iniciativa,Plataforma,,,,https://www.coronanasperiferias.com.br,,Portugués ,,Brasil,,,,
Bogota Solidaria,Iniciativa,Plataforma,,,,https://bogota.gov.co/mi-ciudad/bogota-solidaria,,,,Colombia,Bogota,,,
Atlas Informalidad ,Iniciativa,Plataforma,,,,http://www.informalsettlementsresearch.com/2017/03/atlas-of-informality.html,,,Inglés ,Regional / Internacional,,,,
R2C Facing Covid-19,Iniciativa,Plataforma,,,,https://www.right2city.org/es/the-right-to-the-city-facing-covid-19/,,,,Regional / Internacional,,,,
Sociedade Contra Corona,Iniciativa,Plataforma,,,,https://www.sociedadecontraocorona.org/?fbclid=IwAR1rJ3aeQG-DQ85Yy2eo35oo624lPVvU4eu3wlHb7uT8jCcX7Vtl_LXQu8A,,,,,,,,
Hackaton Soluciones para la Movilidad,Iniciativa,Hackaton,Mejorar calidad de transporte público durante la pandemia y disminuir contagios,Movilidad,,https://github.com/datasketch/movid19,,,,Colombia ,Bogota,,,
Hilando en la crisis,Iniciativa,Plataforma,"Tejer redes de solidaridad en medio de la crisis sanitaria (COVID-19), de cuidados y del sistema de salud que vamos a enfrentar en el país (Colombia).",Comunicación e infraestructura digital,,https://storymaps.arcgis.com/stories/1629c19c596048b2b87625a6c4878a8e,,,hilandoenlacrisis@gmail.com,Colombia ,Bogota,,,
Solidaridad es Acción - Ciudad en Movimiento,Iniciativa,Plataforma,Distribución de mercados a familias vulnerables,Seguridad alimentaria,,https://www.facebook.com/ciudadesmovimiento/,,,,Colombia ,Bogota,,,
Agua para favelas del Complejo Alemán,Iniciativa,Plataforma,Reuniones con funcionarios de la empresa encargada del Acueducto CEDAE para garantizar el suministro de agua a la favela Fazendinha,Infraestructura saneamiento,,https://rioonwatch.org.br/?p=45925#prettyPhoto,,,,Brasil,Rio de Janeiro,,,
Corona Funk,Iniciativa,Plataforma,Uso de ritmos y músicas populares como estrategia de comunicación para la prevención ,Pautas de autocuidado,,https://www.facebook.com/ColetivoPapoReto/,,,,Brasil,Rio de Janeiro,,,
Gabinete de crisis frente al Covid-19,Iniciativa,Plataforma,"Distribución de agua, alimentos y material de limpieza entre la población",Seguridad alimentaria,,https://www.facebook.com/vozdavilakennedy/,,,,Brasil,Rio de Janeiro,,,
Coletivo Favela Vertical,Iniciativa,Plataforma,Elaboración y envío de carteles informativos a los pobladores para su impresión y distribución entre vecinos ,Pautas de autocuidado,,https://www.facebook.com/coletivofavelavertical/,,,,Brasil,Rio de Janeiro,,,
Maedecria,Iniciativa,Plataforma,Ayuda pedagógica y afectiva para madres de niños de las favelas y periferias cariocas durante el periodo de cuarentena,Apoyo psico-social,,https://www.instagram.com/maedecria/,,,,Brasil,Rio de Janeiro,,,
Federação das Favelas do Estado do Rio de Janeiro (FAFERJ),Iniciativa,Plataforma,Presión ante la CEDAE para garantizar el abastecimiento de agua permanente y de calidad en las diferentes favelas,Infraestructura saneamiento,,https://rioonwatch.org.br/?p=45925#prettyPhoto,,,,Brasil,Rio de Janeiro,,,
Elaboración de mascarillas,Iniciativa,Plataforma,Elaboración de mascarillas para distribución a bajo costo y distribución entre hijas de los integrantes de la cooperativa,Apoyo salud pública,,https://rioonwatch.org.br/?p=45925#prettyPhoto,,,,Brasil,Rio de Janeiro,,,
Apoyo Favelas contra Covid-19,Iniciativa,Plataforma,Visibilización y divulgación de iniciativas y campañas promovidas por los diferentes colectivos y organizaciones de las favelas,Otros,,https://wikifavelas.com.br/index.php?title=Dicion%C3%A1rio_de_Favelas_Marielle_Franco,,,,Brasil,Rio de Janeiro,,,